{
  "cagr": -0.00673489981972486,
  "max_dd": 0.00019237484883560682,
  "sharpe": -1.3562564271944264,
  "win_rate": 0.13636363636363635,
  "trades": 22,
  "final_equity": 9998.076251511644
}