{
  "cagr": -0.0032535382283360725,
  "max_dd": 9.277598342996498e-05,
  "sharpe": -0.8686324538131184,
  "win_rate": 0.18181818181818182,
  "trades": 22,
  "final_equity": 9999.0722401657
}