{
  "cagr": -0.0027571077233989882,
  "max_dd": 0.00013796438297996816,
  "sharpe": -0.3685598749122708,
  "win_rate": 0.22727272727272727,
  "trades": 22,
  "final_equity": 9999.213989411586
}