{
  "cagr": -0.003004605617034084,
  "max_dd": 8.855613900190617e-05,
  "sharpe": -0.6700450192195242,
  "win_rate": 0.22727272727272727,
  "trades": 22,
  "final_equity": 9999.143328192426
}