{
  "timestamp": "20250830_235725",
  "staged": {
    "stop_mode": "atr_trailing",
    "atr_mult": 2.0,
    "atr_period": 21,
    "tp_pct": 0.01,
    "sl_pct": 0.01,
    "time_cap_bars": 0,
    "risk_frac": 0.01,
    "source": {
      "proposal_json": "/Users/mouryadamarasing/Documents/Project-Tracer-Bullet/eval_runs/auto_tuner/20250830_234826/proposal.json",
      "ts": "20250830_235725"
    }
  },
  "canary_summary": {
    "cagr": -0.0008350436969120079,
    "max_dd": 4.420117512797734e-05,
    "sharpe": -0.17354669802436432,
    "win_rate": 0.26666666666666666,
    "trades": 15,
    "final_equity": 9999.76216390197
  },
  "thresholds": {
    "max_dd": 0.005,
    "min_sharpe": -0.1,
    "min_trades": 10
  },
  "pass": false,
  "bt_dir": "/Users/mouryadamarasing/Documents/Project-Tracer-Bullet/eval_runs/canary/20250830_235725/20250830_235725"
}