{
  "cagr": -0.0030782710068222308,
  "max_dd": 0.00013545714787246776,
  "sharpe": -0.291808518669257,
  "win_rate": 0.3181818181818182,
  "trades": 22,
  "final_equity": 9999.122293262779
}