{
  "cagr": -0.0037381469113710875,
  "max_dd": 0.00015100993934237848,
  "sharpe": -0.3301475893157973,
  "win_rate": 0.3181818181818182,
  "trades": 22,
  "final_equity": 9998.93380031331
}