{
  "timestamp": "20250831_013920",
  "staged": {
    "stop_mode": "atr_trailing",
    "atr_mult": 2.0,
    "atr_period": 21,
    "tp_pct": 0.01,
    "sl_pct": 0.01,
    "time_cap_bars": 0,
    "risk_frac": 0.01,
    "source": {
      "proposal_json": "/Users/mouryadamarasing/Documents/Project-Tracer-Bullet/eval_runs/auto_tuner/20250831_013613/proposal.json",
      "ts": "20250831_013920"
    }
  },
  "canary_summary": {
    "cagr": 0.0010280021674358153,
    "max_dd": 2.456693964140868e-05,
    "sharpe": 0.49095971802837235,
    "win_rate": 0.3333333333333333,
    "trades": 6,
    "final_equity": 10000.292275309843
  },
  "thresholds": {
    "max_dd": 0.005,
    "min_sharpe": -0.1,
    "min_trades": 10
  },
  "pass": false,
  "bt_dir": "/Users/mouryadamarasing/Documents/Project-Tracer-Bullet/eval_runs/canary/20250831_013920/20250831_013920"
}