{
  "accuracy": 0.7190265486725663,
  "precision": 0.375,
  "recall": 0.024,
  "f1_score": 0.045112781954887216,
  "auc": 0.5048318042813456
}