{
  "cagr": -0.0024310481329264944,
  "max_dd": 7.600869479240228e-05,
  "sharpe": -0.5255418534553243,
  "win_rate": 0.2727272727272727,
  "trades": 22,
  "final_equity": 9999.30705417267
}