{
  "cagr": -0.002671568793020551,
  "max_dd": 0.00010191449686923857,
  "sharpe": -0.5789355854763595,
  "win_rate": 0.22727272727272727,
  "trades": 22,
  "final_equity": 9999.238407011662
}