{
  "accuracy": 0.6371681415929203,
  "precision": 0.29896907216494845,
  "recall": 0.232,
  "f1_score": 0.26126126126126126,
  "auc": 0.5229113149847096
}