{
  "cagr": -0.0017552946221787158,
  "max_dd": 7.889918691008984e-05,
  "sharpe": -0.42686586430019235,
  "win_rate": 0.22727272727272727,
  "trades": 22,
  "final_equity": 9999.499835411563
}