{
  "cagr": -0.005335353200350945,
  "max_dd": 0.00020378917212689443,
  "sharpe": -0.5791994836475746,
  "win_rate": 0.22727272727272727,
  "trades": 22,
  "final_equity": 9998.477057218895
}