{
  "accuracy": 0.577433628318584,
  "precision": 0.2676056338028169,
  "recall": 0.304,
  "f1_score": 0.2846441947565543,
  "auc": 0.4743975535168195
}