{
  "accuracy": 0.6880530973451328,
  "precision": 0.3620689655172414,
  "recall": 0.168,
  "f1_score": 0.22950819672131148,
  "auc": 0.5045382262996941
}