{
  "cagr": -0.0015404560077235674,
  "max_dd": 6.77399432250289e-05,
  "sharpe": -0.2916798195397354,
  "win_rate": 0.3181818181818182,
  "trades": 22,
  "final_equity": 9999.56109873444
}