{
  "cagr": -0.006608998148980749,
  "max_dd": 0.00018876699973097857,
  "sharpe": -0.8493992674973272,
  "win_rate": 0.18181818181818182,
  "trades": 22,
  "final_equity": 9998.11233000269
}