{
  "timestamp": "20250831_000101",
  "staged": {
    "stop_mode": "atr_trailing",
    "atr_mult": 2.0,
    "atr_period": 21,
    "tp_pct": 0.01,
    "sl_pct": 0.01,
    "time_cap_bars": 0,
    "risk_frac": 0.01,
    "source": {
      "proposal_json": "/Users/mouryadamarasing/Documents/Project-Tracer-Bullet/eval_runs/auto_tuner/20250830_235845/proposal.json",
      "ts": "20250831_000101"
    }
  },
  "canary_summary": {
    "cagr": -0.0015015502700457262,
    "max_dd": 4.9815409468279585e-05,
    "sharpe": -0.2789039425554448,
    "win_rate": 0.2727272727272727,
    "trades": 22,
    "final_equity": 9999.572191714764
  },
  "thresholds": {
    "max_dd": 0.005,
    "min_sharpe": -0.1,
    "min_trades": 10
  },
  "pass": false,
  "bt_dir": "/Users/mouryadamarasing/Documents/Project-Tracer-Bullet/eval_runs/canary/20250831_000101/20250831_000102"
}