{
  "cagr": -0.0015428439039787412,
  "max_dd": 7.326817095273582e-05,
  "sharpe": -0.3960955726039468,
  "win_rate": 0.22727272727272727,
  "trades": 22,
  "final_equity": 9999.560417872955
}