{
  "cagr": -0.0018709973000604618,
  "max_dd": 7.551823360543687e-05,
  "sharpe": -0.3300128954023807,
  "win_rate": 0.3181818181818182,
  "trades": 22,
  "final_equity": 9999.466836359148
}