{
  "cagr": -0.004855585859856126,
  "max_dd": 0.00015199041398245169,
  "sharpe": -0.525767202279127,
  "win_rate": 0.2727272727272727,
  "trades": 22,
  "final_equity": 9998.614328111962
}