{
  "cagr": -0.0034419663332894146,
  "max_dd": 0.0001732844919720698,
  "sharpe": -0.28145110439025034,
  "win_rate": 0.36363636363636365,
  "trades": 22,
  "final_equity": 9999.01841902336
}