{
  "cagr": -0.0038673087921130556,
  "max_dd": 0.00019079078785567475,
  "sharpe": -0.2975618683627886,
  "win_rate": 0.36363636363636365,
  "trades": 22,
  "final_equity": 9998.896891146025
}