{
  "cagr": -0.002644730651986227,
  "max_dd": 7.784447059563956e-05,
  "sharpe": -0.6851449606150588,
  "win_rate": 0.22727272727272727,
  "trades": 22,
  "final_equity": 9999.246067700458
}