{
  "accuracy": 0.5796460176991151,
  "precision": 0.32044198895027626,
  "recall": 0.464,
  "f1_score": 0.3790849673202614,
  "auc": 0.5276085626911315
}