{
  "cagr": -0.003000560933803853,
  "max_dd": 9.961715958720809e-05,
  "sharpe": -0.279020450980851,
  "win_rate": 0.2727272727272727,
  "trades": 22,
  "final_equity": 9999.14448309578
}