{
  "cagr": -0.006495726954382164,
  "max_dd": 0.00018552147024129226,
  "sharpe": -0.8691111826067325,
  "win_rate": 0.18181818181818182,
  "trades": 22,
  "final_equity": 9998.144785297587
}