{
  "cagr": -0.006001391114307197,
  "max_dd": 0.00022157449745334367,
  "sharpe": -0.6003368271603253,
  "win_rate": 0.22727272727272727,
  "trades": 22,
  "final_equity": 9998.286383968194
}