{
  "cagr": -0.003373505691125822,
  "max_dd": 9.620252664244618e-05,
  "sharpe": -1.3551546644985781,
  "win_rate": 0.13636363636363635,
  "trades": 22,
  "final_equity": 9999.037974733576
}