{
  "cagr": -0.002423482609012706,
  "max_dd": 9.545447805868176e-05,
  "sharpe": -0.5582765491410474,
  "win_rate": 0.22727272727272727,
  "trades": 22,
  "final_equity": 9999.309213193003
}