{
  "timestamp": "20250831_000522",
  "staged": {
    "stop_mode": "atr_fixed",
    "atr_mult": 2.0,
    "atr_period": 10,
    "tp_pct": 0.03,
    "sl_pct": 0.01,
    "time_cap_bars": 0,
    "risk_frac": 0.01,
    "source": {
      "proposal_json": "/Users/mouryadamarasing/Documents/Project-Tracer-Bullet/eval_runs/auto_tuner/20250831_000507/proposal.json",
      "ts": "20250831_000522"
    }
  },
  "canary_summary": {
    "cagr": -0.0017226917855827084,
    "max_dd": 8.665783901514797e-05,
    "sharpe": -0.2813554574622013,
    "win_rate": 0.36363636363636365,
    "trades": 22,
    "final_equity": 9999.50913325229
  },
  "thresholds": {
    "max_dd": 0.005,
    "min_sharpe": -0.1,
    "min_trades": 10
  },
  "pass": false,
  "bt_dir": "/Users/mouryadamarasing/Documents/Project-Tracer-Bullet/eval_runs/canary/20250831_000522/20250831_000523"
}