{
  "cagr": -0.004840506722878057,
  "max_dd": 0.0001908726392186558,
  "sharpe": -0.5585470250479235,
  "win_rate": 0.22727272727272727,
  "trades": 22,
  "final_equity": 9998.618641508048
}