{
  "accuracy": 0.7190265486725663,
  "precision": 0.42857142857142855,
  "recall": 0.048,
  "f1_score": 0.08633093525179857,
  "auc": 0.4940183486238532
}