{
  "cagr": -0.0013796651382163017,
  "max_dd": 6.899456542387998e-05,
  "sharpe": -0.3683526994435189,
  "win_rate": 0.22727272727272727,
  "trades": 22,
  "final_equity": 9999.606941437896
}