{
  "cagr": -0.003507090065266283,
  "max_dd": 0.0001577692409921384,
  "sharpe": -0.42708385134197696,
  "win_rate": 0.22727272727272727,
  "trades": 22,
  "final_equity": 9998.999815286683
}