{
  "cagr": -0.0030829451964603516,
  "max_dd": 0.00014650969124679647,
  "sharpe": -0.39630942617299114,
  "win_rate": 0.22727272727272727,
  "trades": 22,
  "final_equity": 9999.120958511092
}