{
  "decision": {
    "action": "buy_1h",
    "entry": 109705.709,
    "qty": 0.005469177542984568,
    "sl": 107511.59482,
    "tp": 110802.76609
  },
  "state": {
    "cooldown_until": 1756718858,
    "equity_ref": 99402.35,
    "hb_runs": 1502,
    "in_position": true,
    "last_close_order_id": null,
    "last_entry": 109705.709,
    "last_entry_ts": 1756717958,
    "last_exit_ts": 1756590137,
    "last_heartbeat_ts": 1756717818,
    "last_order_id": "847225b8-c110-4329-ad6d-307c71faded4",
    "last_qty": 0.005469177542984568,
    "last_run_ts": 1756717958,
    "pnl_date": "2025-09-01",
    "pnl_today": 0.0
  }
}