{
  "cagr": -0.003310369676717051,
  "max_dd": 9.439916872488538e-05,
  "sharpe": -0.8489505182647112,
  "win_rate": 0.18181818181818182,
  "trades": 22,
  "final_equity": 9999.056008312751
}