{
  "cagr": -0.006210511897743687,
  "max_dd": 0.0001824094634541325,
  "sharpe": -1.3509928278777663,
  "win_rate": 0.13636363636363635,
  "trades": 22,
  "final_equity": 9998.226491291438
}