ema_fast,ema_slow,trend_ema,sentiment_cutoff,tp_pct,sl_pct,cooldown_sec,risk_frac,cagr,max_dd,sharpe,win_rate,trades,final_equity
8,21,50,0.5,0.03,0.02,900,0.01,-0.00330571758463738,0.00013311785108257115,-0.46078093025024913,0.2857142857142857,28,9999.057337048813
