{
  "cagr": -0.006500068723845787,
  "max_dd": 0.00018610758309823723,
  "sharpe": -1.3620972281365686,
  "win_rate": 0.13636363636363635,
  "trades": 22,
  "final_equity": 9998.14354132816
}