{
  "cagr": -0.0032556777832114525,
  "max_dd": 9.30680183950244e-05,
  "sharpe": -1.3609503499051474,
  "win_rate": 0.13636363636363635,
  "trades": 22,
  "final_equity": 9999.071629095326
}