{
  "count": 5,
  "brier": 0.16108000000000003,
  "log_loss": 0.5100093903918923
}