{
  "decision": {
    "action": "buy",
    "entry": 108789.94,
    "qty": 0.4568545124668688,
    "sl": 106614.1412,
    "tp": 109877.8394
  },
  "state": {
    "cooldown_until": 1756712955,
    "equity_ref": 99402.35,
    "hb_runs": 1395,
    "in_position": true,
    "last_close_order_id": null,
    "last_entry": 108789.94,
    "last_entry_ts": 1756712055,
    "last_exit_ts": 1756590137,
    "last_heartbeat_ts": 1756711982,
    "last_order_id": "717ebee8-03de-4e69-9252-cd874b2ddff6",
    "last_qty": 0.4568545124668688,
    "last_run_ts": 1756712055,
    "pnl_date": "2025-09-01",
    "pnl_today": 0.0
  }
}