{
  "cagr": -0.0031104114463439414,
  "max_dd": 9.121853980632295e-05,
  "sharpe": -1.3498078851414084,
  "win_rate": 0.13636363636363635,
  "trades": 22,
  "final_equity": 9999.113115184151
}