{
  "cagr": -0.00193578322706911,
  "max_dd": 9.54124595731202e-05,
  "sharpe": -0.2974681628826192,
  "win_rate": 0.36363636363636365,
  "trades": 22,
  "final_equity": 9999.448357426472
}