{
  "cagr": -0.00528175102476125,
  "max_dd": 0.00015566115059690157,
  "sharpe": -0.685486684014476,
  "win_rate": 0.22727272727272727,
  "trades": 22,
  "final_equity": 9998.492397049497
}