{
  "accuracy": 0.6880530973451328,
  "precision": 0.375,
  "recall": 0.192,
  "f1_score": 0.25396825396825395,
  "auc": 0.47750458715596333
}