{
  "cagr": -0.0030055769431176493,
  "max_dd": 0.00011080930828681773,
  "sharpe": -0.6000846760962241,
  "win_rate": 0.22727272727272727,
  "trades": 22,
  "final_equity": 9999.143050843019
}