{
  "cagr": -0.005999378265814315,
  "max_dd": 0.00017708136563394372,
  "sharpe": -0.6703467122740687,
  "win_rate": 0.22727272727272727,
  "trades": 22,
  "final_equity": 9998.286960393181
}